[
	{
		"key": "group_676cdd00cde21",
		"title": "Jove: Divider Block",
		"fields": [
			{
				"key": "field_676cdd011fe20",
				"label": "Height",
				"name": "height",
				"aria-label": "",
				"type": "range",
				"instructions": "",
				"required": 0,
				"conditional_logic": 0,
				"wrapper": {
					"width": "",
					"class": "",
					"id": ""
				},
				"default_value": 40,
				"min": "",
				"max": "",
				"step": "",
				"prepend": "",
				"append": ""
			},
			{
				"key": "field_676cdd271fe21",
				"label": "Width",
				"name": "width",
				"aria-label": "",
				"type": "range",
				"instructions": "",
				"required": 0,
				"conditional_logic": 0,
				"wrapper": {
					"width": "",
					"class": "",
					"id": ""
				},
				"default_value": 1,
				"min": "",
				"max": "",
				"step": "",
				"prepend": "",
				"append": ""
			}
		],
		"location": [
			[
				{
					"param": "block",
					"operator": "==",
					"value": "acf/divider"
				}
			]
		],
		"menu_order": 0,
		"position": "normal",
		"style": "default",
		"label_placement": "top",
		"instruction_placement": "label",
		"hide_on_screen": "",
		"active": true,
		"description": "",
		"show_in_rest": 0
	}
]
