[
	{
		"key": "group_67692704446a5",
		"title": "Jove: Hero Block",
		"fields": [
			{
				"key": "field_676927049b3ea",
				"label": "Video",
				"name": "video",
				"aria-label": "",
				"type": "file",
				"instructions": "",
				"required": 0,
				"conditional_logic": 0,
				"wrapper": {
					"width": "",
					"class": "",
					"id": ""
				},
				"return_format": "array",
				"library": "all",
				"min_size": "",
				"max_size": "",
				"mime_types": ""
			}
		],
		"location": [
			[
				{
					"param": "block",
					"operator": "==",
					"value": "acf/hero"
				}
			]
		],
		"menu_order": 0,
		"position": "normal",
		"style": "default",
		"label_placement": "top",
		"instruction_placement": "label",
		"hide_on_screen": "",
		"active": true,
		"description": "",
		"show_in_rest": 0
	}
]
