[
	{
		"key": "group_6773719ec14a8",
		"title": "Jove: Concept Block",
		"fields": [
			{
				"key": "field_6773719fa0765",
				"label": "Heading",
				"name": "heading",
				"aria-label": "",
				"type": "text",
				"instructions": "",
				"required": 0,
				"conditional_logic": 0,
				"wrapper": {
					"width": "",
					"class": "",
					"id": ""
				},
				"default_value": "Related Concept Videos",
				"maxlength": "",
				"placeholder": "",
				"prepend": "",
				"append": ""
			}
		],
		"location": [
			[
				{
					"param": "block",
					"operator": "==",
					"value": "acf/concept"
				}
			]
		],
		"menu_order": 0,
		"position": "normal",
		"style": "default",
		"label_placement": "top",
		"instruction_placement": "label",
		"hide_on_screen": "",
		"active": true,
		"description": "",
		"show_in_rest": 0
	}
]
