[
	{
		"key": "group_676e8322f38c6",
		"title": "Jove: Notice Block",
		"fields": [
			{
				"key": "field_676e8323a3358",
				"label": "Text",
				"name": "text",
				"aria-label": "",
				"type": "wysiwyg",
				"instructions": "",
				"required": 0,
				"conditional_logic": 0,
				"wrapper": {
					"width": "",
					"class": "",
					"id": ""
				},
				"default_value": "",
				"tabs": "all",
				"toolbar": "full",
				"media_upload": 1,
				"delay": 0
			}
		],
		"location": [
			[
				{
					"param": "block",
					"operator": "==",
					"value": "acf/notice"
				}
			]
		],
		"menu_order": 0,
		"position": "normal",
		"style": "default",
		"label_placement": "top",
		"instruction_placement": "label",
		"hide_on_screen": "",
		"active": true,
		"description": "",
		"show_in_rest": 0
	}
]
