[
	{
		"key": "group_6773714622ec2",
		"title": "Jove: Experiment Block",
		"fields": [
			{
				"key": "field_67737146c3d79",
				"label": "Heading",
				"name": "heading",
				"aria-label": "",
				"type": "text",
				"instructions": "",
				"required": 0,
				"conditional_logic": 0,
				"wrapper": {
					"width": "",
					"class": "",
					"id": ""
				},
				"default_value": "Related Experiment Videos",
				"maxlength": "",
				"placeholder": "",
				"prepend": "",
				"append": ""
			},
			{
				"key": "field_677890763338c",
				"label": "Notice",
				"name": "notice",
				"aria-label": "",
				"type": "wysiwyg",
				"instructions": "",
				"required": 0,
				"conditional_logic": 0,
				"wrapper": {
					"width": "",
					"class": "",
					"id": ""
				},
				"default_value": "These videos have been matched automatically. <a href=\"https://www.jove.com/about/contact\">Contact us</a> if they are not relevant.",
				"tabs": "all",
				"toolbar": "full",
				"media_upload": 1,
				"delay": 0
			},
			{
				"key": "field_67789826d46e0",
				"label": "Button Text",
				"name": "button_text",
				"aria-label": "",
				"type": "text",
				"instructions": "",
				"required": 0,
				"conditional_logic": 0,
				"wrapper": {
					"width": "",
					"class": "",
					"id": ""
				},
				"default_value": "See all related videos",
				"maxlength": "",
				"placeholder": "",
				"prepend": "",
				"append": ""
			},
			{
				"key": "field_6783406d4f53c",
				"label": "Rest API",
				"name": "rest_api",
				"aria-label": "",
				"type": "url",
				"instructions": "",
				"required": 0,
				"conditional_logic": 0,
				"wrapper": {
					"width": "",
					"class": "",
					"id": ""
				},
				"default_value": "https://api.jove.com/api/free/search/search_ai",
				"placeholder": ""
			}
		],
		"location": [
			[
				{
					"param": "block",
					"operator": "==",
					"value": "acf/experiment"
				}
			]
		],
		"menu_order": 0,
		"position": "normal",
		"style": "default",
		"label_placement": "top",
		"instruction_placement": "label",
		"hide_on_screen": "",
		"active": true,
		"description": "",
		"show_in_rest": 0
	}
]
