[
    {
        "key": "group_676b60772d622",
        "title": "CTA Video",
        "fields": [
            {
                "key": "field_676b60770f71e",
                "label": "video",
                "name": "video",
                "aria-label": "",
                "type": "url",
                "instructions": "",
                "required": 0,
                "conditional_logic": 0,
                "wrapper": {
                    "width": "",
                    "class": "",
                    "id": ""
                },
                "default_value": "https:\/\/www.youtube.com\/watch?v=-g32OQG2Kdg",
                "placeholder": ""
            }
        ],
        "location": [
            [
                {
                    "param": "block",
                    "operator": "==",
                    "value": "acf\/cta"
                }
            ]
        ],
        "menu_order": 0,
        "position": "normal",
        "style": "default",
        "label_placement": "top",
        "instruction_placement": "label",
        "hide_on_screen": "",
        "active": true,
        "description": "",
        "show_in_rest": 0
    }
]
