[
	{
		"key": "group_676f674864991",
		"title": "Jove: Meta Fields",
		"fields": [
			{
				"key": "field_67723926d3d78",
				"label": "Authors and Affiliation",
				"name": "authors_affiliation",
				"aria-label": "",
				"type": "repeater",
				"instructions": "",
				"required": 0,
				"conditional_logic": 0,
				"wrapper": {
					"width": "",
					"class": "",
					"id": ""
				},
				"layout": "table",
				"pagination": 0,
				"min": 0,
				"max": 0,
				"collapsed": "",
				"button_label": "Add Row",
				"rows_per_page": 20,
				"sub_fields": [
					{
						"key": "field_67723a21d3d7a",
						"label": "Authors",
						"name": "authors",
						"aria-label": "",
						"type": "taxonomy",
						"instructions": "",
						"required": 0,
						"conditional_logic": 0,
						"wrapper": {
							"width": "",
							"class": "",
							"id": ""
						},
						"taxonomy": "author",
						"add_term": 1,
						"save_terms": 0,
						"load_terms": 0,
						"return_format": "object",
						"field_type": "multi_select",
						"allow_null": 0,
						"bidirectional": 0,
						"multiple": 0,
						"bidirectional_target": [],
						"parent_repeater": "field_67723926d3d78"
					},
					{
						"key": "field_677239d4d3d79",
						"label": "Affiliation",
						"name": "affiliation",
						"aria-label": "",
						"type": "taxonomy",
						"instructions": "",
						"required": 0,
						"conditional_logic": 0,
						"wrapper": {
							"width": "",
							"class": "",
							"id": ""
						},
						"taxonomy": "institution",
						"add_term": 1,
						"save_terms": 0,
						"load_terms": 0,
						"return_format": "object",
						"field_type": "select",
						"allow_null": 0,
						"bidirectional": 0,
						"multiple": 0,
						"bidirectional_target": [],
						"parent_repeater": "field_67723926d3d78"
					}
				]
			},
			{
				"key": "field_676f803a2153f",
				"label": "Video URL",
				"name": "video_url",
				"aria-label": "",
				"type": "url",
				"instructions": "",
				"required": 0,
				"conditional_logic": 0,
				"wrapper": {
					"width": "50",
					"class": "",
					"id": ""
				},
				"default_value": "",
				"placeholder": ""
			}
		],
		"location": [
			[
				{
					"param": "post_type",
					"operator": "==",
					"value": "video"
				}
			]
		],
		"menu_order": 0,
		"position": "normal",
		"style": "default",
		"label_placement": "top",
		"instruction_placement": "label",
		"hide_on_screen": "",
		"active": true,
		"description": "",
		"show_in_rest": 0
	}
]
