{
	"95": {
		"post_author": "1",
		"post_date": "2024-12-30 11:13:21",
		"post_date_gmt": "2024-12-30 11:13:21",
		"post_content": "<!-- wp:paragraph --><p>Lorem ipsum dolor sit amet, consectetuer adipiscing elit. Aenean commodo ligula eget dolor. Aenean massa. Cum sociis natoque penatibus et magnis dis parturient montes, nascetur ridiculus mus.</p><!-- /wp:paragraph -->",
		"post_title": "Rabindra Data Insert",
		"post_status": "publish",
		"post_type": "video",
		"experiment": [
			{
				"title": "Polysome Fractionation and Analysis of Mammalian Translatomes on a Genome-wide Scale",
				"url": "https://app.jove.com/v/51455/polysome-fractionation-analysis-mammalian-translatomes-on-genome-wide",
				"date": "January 3, 2025",
				"views": "1.5k",
				"length": 10.06,
				"image": "https://cloudfront.jove.com/CDNSource/teasers/54100.jpg"
			},
			{
				"title": "Capturing the Cardiac Injury Response of Targeted Cell Populations via Cleared Heart Three-Dimensional Imaging",
				"url": "https://app.jove.com/v/51455/polysome-fractionation-analysis-mammalian-translatomes-on-genome-wide",
				"date": "January 5, 2023",
				"views": "5.8k",
				"length": 10.06,
				"image": "https://cloudfront.jove.com/CDNSource/teasers/60482.jpg"
			},
			{
				"title": "Modified Technique for the Use of Neonatal Murine Hearts in the Langendorff Preparation",
				"url": "https://app.jove.com/v/51455/polysome-fractionation-analysis-mammalian-translatomes-on-genome-wide",
				"date": "Feb 3, 2024",
				"views": "1.5k",
				"length": 10.06,
				"image": "https://cloudfront.jove.com/CDNSource/teasers/54100.jpg"
			}
		],
		"concept": [
			{
				"title": "What is Cell Division?",
				"url": "https://app.jove.com/science-education/v/13406/what-is-the-cell-cycle",
				"description": "Polysome Fractionation and Analysis of Mammalian Translatomes on a Genome-wide Scale. Capturing the Cardiac Injury Response of Targeted Cell Populations via Cleared Heart Three-Dimensional Imaging.",
				"views": "1.5k",
				"length": 10.06,
				"image": "https://cloudfront.jove.com/CDNSource/teasers/54100.jpg"
			},
			{
				"title": "What is Cell Division?",
				"url": "https://app.jove.com/science-education/v/13406/what-is-the-cell-cycle",
				"description": "Polysome Fractionation and Analysis of Mammalian Translatomes on a Genome-wide Scale. Capturing the Cardiac Injury Response of Targeted Cell Populations via Cleared Heart Three-Dimensional Imaging.",
				"views": "1.5k",
				"length": 10.06,
				"image": "https://cloudfront.jove.com/CDNSource/teasers/60482.jpg"
			},
			{
				"title": "What is Cell Division?",
				"url": "https://app.jove.com/science-education/v/13406/what-is-the-cell-cycle",
				"description": "Polysome Fractionation and Analysis of Mammalian Translatomes on a Genome-wide Scale. Capturing the Cardiac Injury Response of Targeted Cell Populations via Cleared Heart Three-Dimensional Imaging.",
				"views": "1.5k",
				"length": 10.06,
				"image": "https://cloudfront.jove.com/CDNSource/teasers/54100.jpg"
			},
			{
				"title": "What is Cell Division?",
				"url": "https://app.jove.com/science-education/v/13406/what-is-the-cell-cycle",
				"description": "Polysome Fractionation and Analysis of Mammalian Translatomes on a Genome-wide Scale. Capturing the Cardiac Injury Response of Targeted Cell Populations via Cleared Heart Three-Dimensional Imaging.",
				"views": "1.5k",
				"length": 10.06,
				"image": "https://cloudfront.jove.com/CDNSource/teasers/62108.jpg"
			},
			{
				"title": "What is Cell Division?",
				"url": "https://app.jove.com/science-education/v/13406/what-is-the-cell-cycle",
				"description": "Polysome Fractionation and Analysis of Mammalian Translatomes on a Genome-wide Scale. Capturing the Cardiac Injury Response of Targeted Cell Populations via Cleared Heart Three-Dimensional Imaging.",
				"views": "1.5k",
				"length": 10.06,
				"image": "https://cloudfront.jove.com/CDNSource/teasers/63042.jpg"
			},
			{
				"title": "What is Cell Division?",
				"url": "https://app.jove.com/science-education/v/13406/what-is-the-cell-cycle",
				"description": "Polysome Fractionation and Analysis of Mammalian Translatomes on a Genome-wide Scale. Capturing the Cardiac Injury Response of Targeted Cell Populations via Cleared Heart Three-Dimensional Imaging.",
				"views": "1.5k",
				"length": 10.06,
				"image": "https://cloudfront.jove.com/CDNSource/teasers/59958.jpg"
			}
		]
	}
}
