{
	"52295": {
		"title": "Assessment of Selective mRNA Translation in Mammalian Cells by Polysome Profiling",
		"post_date": "2014-10-28 15:00:00",
		"content": "The ability of cells to adapt to stress is crucial for their survival. Regulation of mRNA translation is one such adaptation strategy, providing for rapid regulation of the proteome. Here, we provide a standardized polysome profiling protocol to identify specific mRNAs that are selectively translated under stress conditions.",
		"authors": [
			{
				"name": "Mame Daro Faye",
				"institutionIndexes": ["1"]
			},
			{
				"name": "Tyson E Graber",
				"institutionIndexes": ["2"]
			},
			{
				"name": "Martin Holcik",
				"institutionIndexes": ["3"]
			}
		],
		"institutions": [
			{
				"name": "University of Ottawa",
				"description": "Apoptosis Research Centre, Children's Hospital of Eastern Ontario Research Institute and Department of Biochemistry, Microbiology and Immunology"
			},
			{
				"name": "Montreal Neurological Institute"
			},
			{
				"description": "Apoptosis Research Centre, Children's Hospital of Eastern Ontario Research Institute and Department of Pediatrics",
				"name": "University of Ottawa"
			}
		],
		"journals": [
			{
				"name": "Integration (Tokyo, Japan)"
			}
		],
		"Keywords": [
			{
				"name": "Developing Countries"
			},
			{
				"name": "Development Policy"
			},
			{
				"name": "Economic Development"
			},
			{
				"name": "Economic Factors"
			},
			{
				"name": "International Cooperation"
			},
			{
				"name": "Policy"
			},
			{
				"name": "Population Policy"
			},
			{
				"name": "Social Policy"
			}
		]
	},
	"57600": {
		"title": "Polysome Profiling in <em>Leishmania</em>, Human Cells and Mouse Testis",
		"post_date": "2018-04-08 15:00:00",
		"content": "The overall goal of polysome profiling technique is analysis of translational activity of individual mRNAs or transcriptome mRNAs during protein synthesis. The method is important for studies of protein synthesis regulation, translation activation and repression in health and multiple human...",
		"authors": [
			{
				"id": 31530,
				"name": "Zemfira N. Karamysheva",
				"institutionIndexes": ["2"]
			},
			{
				"id": 31531,
				"name": "Elena B. Tikhonova",
				"institutionIndexes": ["1"]
			},
			{
				"id": 14191,
				"name": "Petar N. Grozdanov",
				"institutionIndexes": ["1"]
			},
			{
				"id": 31532,
				"name": "James C. Huffman",
				"institutionIndexes": ["2", "3"]
			},
			{
				"id": 31533,
				"name": "Kristen R. Baca",
				"institutionIndexes": ["1", "3"]
			},
			{
				"id": 31534,
				"name": "Alexander Karamyshev",
				"institutionIndexes": ["1"]
			},
			{
				"id": 31535,
				"name": "R. Brian Denison",
				"institutionIndexes": ["1"]
			},
			{
				"id": 14192,
				"name": "Clinton C. MacDonald",
				"institutionIndexes": ["1"]
			},
			{
				"id": 25688,
				"name": "Kai Zhang",
				"email": "kai.zhang@ttu.edu",
				"institutionIndexes": ["2"]
			},
			{
				"id": 31536,
				"name": "Andrey L. Karamyshev",
				"institutionIndexes": ["1"]
			}
		],
		"institutions": [
			{
				"id": 16830,
				"description": "Department of Cell Biology and Biochemistry",
				"name": "Texas Tech University Health Sciences Center"
			},
			{
				"id": 4966,
				"description": "Department of Biological Sciences",
				"name": "Texas Tech University"
			},
			{
				"id": 4966,
				"description": "CISER (Center for the Integration of STEM Education & Research)",
				"name": "Texas Tech University"
			}
		],
		"journals": [
			{
				"name": "J Cardiothorac Vasc Anesth. 2015 Oct;29(5):1333-40"
			}
		],
		"Keywords": [
			{
				"name": "Developing Countries"
			},
			{
				"name": "Development Policy"
			},
			{
				"name": "Economic Development"
			},
			{
				"name": "Economic Factors"
			},
			{
				"name": "International Cooperation"
			},
			{
				"name": "Policy"
			},
			{
				"name": "Population Policy"
			},
			{
				"name": "Social Policy"
			}
		]
	},
	"51455": {
		"title": "Polysome Fractionation and Analysis of Mammalian Translatomes on a Genome-wide Scale",
		"post_date": "2014-05-17 14:00:00",
		"content": "Ribosomes play a central role in protein synthesis. Polyribosome (polysome) fractionation by sucrose density gradient centrifugation allows direct determination of translation efficiencies of individual mRNAs on a genome-wide scale. In addition, this method can be used for biochemical analysis of ribosome- and polysome-associated factors such as chaperones and signaling...",
		"authors": [
			{
				"id": 11889,
				"name": "Valentina Gandin",
				"institutionIndexes": ["1"]
			},
			{
				"id": 11890,
				"name": "Kristina Sikström",
				"institutionIndexes": ["2"]
			},
			{
				"id": 11891,
				"name": "Tommy Alain",
				"institutionIndexes": ["3"]
			},
			{
				"id": 11892,
				"name": "Masahiro Morita",
				"institutionIndexes": ["3"]
			},
			{
				"id": 11893,
				"name": "Shannon McLaughlan",
				"institutionIndexes": ["1"]
			},
			{
				"id": 11894,
				"name": "Ola Larsson",
				"institutionIndexes": ["2"]
			},
			{
				"id": 11895,
				"name": "Ivan Topisirovic",
				"institutionIndexes": ["1"]
			}
		],
		"institutions": [
			{
				"id": 489,
				"description": "Lady Davis Institute and Department of Oncology",
				"name": "McGill University"
			},
			{
				"id": 75943,
				"description": "Department of Oncology-Pathology",
				"name": "Karolinska Institutet"
			},
			{
				"id": 489,
				"description": "Goodman Cancer Centre and Department of Biochemistry",
				"name": "McGill University"
			}
		],
		"journals": [
			{
				"name": "J Cardiothorac Vasc Anesth. 2015 Oct;29(5):1333-40"
			}
		],
		"Keywords": [
			{
				"name": "Developing Countries"
			},
			{
				"name": "Development Policy"
			},
			{
				"name": "Economic Development"
			},
			{
				"name": "Economic Factors"
			},
			{
				"name": "International Cooperation"
			},
			{
				"name": "Policy"
			},
			{
				"name": "Population Policy"
			},
			{
				"name": "Social Policy"
			}
		]
	}
}
