{
	"$schema": "https://schemas.wp.org/trunk/theme.json",
	"version": 2,
	"title": "Blue",
	"settings": {
		"color": {
			"palette": [
				{
					"name": "Primary",
					"slug": "primary",
					"color": "#465aff"
				},
				{
					"name": "Main",
					"slug": "main",
					"color": "#14111f"
				},
				{
					"name": "Secondary",
					"slug": "secondary",
					"color": "#636381"
				},
				{
					"name": "Main Accent",
					"slug": "main-accent",
					"color": "#d0ccde"
				},
				{
					"name": "Primary Accent",
					"slug": "primary-accent",
					"color": "#e4e5ff"
				},
				{
					"name": "Tertiary",
					"slug": "tertiary",
					"color": "#f4f5ff"
				},
				{
					"name": "Base",
					"slug": "base",
					"color": "#fff"
				}
			]
		}
	}
}
