{
	"$schema": "https://schemas.wp.org/trunk/theme.json",
	"version": 2,
	"title": "Pink",
	"settings": {
		"color": {
			"palette": [
				{
					"name": "Primary",
					"slug": "primary",
					"color": "#ea4c89"
				},
				{
					"name": "Main",
					"slug": "main",
					"color": "#14111f"
				},
				{
					"name": "Secondary",
					"slug": "secondary",
					"color": "#636381"
				},
				{
					"name": "Main Accent",
					"slug": "main-accent",
					"color": "#d0ccde"
				},
				{
					"name": "Primary Accent",
					"slug": "primary-accent",
					"color": "#ebdce3"
				},
				{
					"name": "Tertiary",
					"slug": "tertiary",
					"color": "#fbf4f8"
				},
				{
					"name": "Base",
					"slug": "base",
					"color": "#fff"
				}
			]
		}
	}
}
