{
	"$schema": "https://schemas.wp.org/trunk/theme.json",
	"version": 2,
	"title": "Red",
	"settings": {
		"color": {
			"palette": [
				{
					"name": "Primary",
					"slug": "primary",
					"color": "#fb1a62"
				},
				{
					"name": "Main",
					"slug": "main",
					"color": "#14111f"
				},
				{
					"name": "Secondary",
					"slug": "secondary",
					"color": "#636381"
				},
				{
					"name": "Main Accent",
					"slug": "main-accent",
					"color": "#d0ccde"
				},
				{
					"name": "Primary Accent",
					"slug": "primary-accent",
					"color": "#ffd7e4"
				},
				{
					"name": "Tertiary",
					"slug": "tertiary",
					"color": "#fff5f8"
				},
				{
					"name": "Base",
					"slug": "base",
					"color": "#fff"
				}
			]
		}
	}
}
