{
  "$schema": "https://schemas.wp.org/trunk/theme.json",
  "version": 2,
  "settings": {
    "appearanceTools": true,
    "color": {
      "defaultDuotone": false,
      "defaultGradients": false,
      "defaultPalette": false,
      "duotone": [
        {
          "name": "Blue",
          "slug": "blue",
          "colors": ["#462CFF", "#ECE8FF"]
        },
        {
          "name": "Pink",
          "slug": "Pink",
          "colors": ["#F22AAA", "#FFDBF0"]
        },
        {
          "name": "Green",
          "slug": "green",
          "colors": ["#196A64", "#E0FFFD"]
        },
        {
          "name": "Yellow",
          "slug": "yellow",
          "colors": ["#4B420D", "#FFE465"]
        },
        {
          "name": "Red",
          "slug": "red",
          "colors": ["#33120B", "#FF756B"]
        },
        {
          "name": "Teal",
          "slug": "teal",
          "colors": ["#233938", "#67EBFF"]
        },
        {
          "name": "Orange",
          "slug": "orange",
          "colors": ["#31210D", "#FFA15B"]
        },
        {
          "name": "Punchy",
          "slug": "punchy",
          "colors": ["#00007e", "#6aff7e"]
        },
        {
          "name": "Blueberry",
          "slug": "blueberry",
          "colors": ["#7f02d3", "#00dbfe"]
        },
        {
          "name": "Lime",
          "slug": "lime",
          "colors": ["#02794c", "#fbf01a"]
        },
        {
          "name": "Sunset",
          "slug": "sunset",
          "colors": ["#FF3253", "#FFDC53"]
        },
        {
          "name": "Grayscale",
          "slug": "grayscale",
          "colors": ["#000", "#fff"]
        }
      ],
      "gradients": [
        {
          "name": "Purple",
          "slug": "purple",
          "gradient": "linear-gradient(135deg, #4D34FA, #ad34fa)"
        },
        {
          "name": "Blue",
          "slug": "blue",
          "gradient": "linear-gradient(135deg, #0057FF, #31B5FF)"
        },
        {
          "name": "Pink",
          "slug": "pink",
          "gradient": "linear-gradient(135deg, #FF007A, #FF81BD)"
        },
        {
          "name": "Black",
          "slug": "black",
          "gradient": "linear-gradient(135deg, #14111E, #4B4462)"
        },
        {
          "name": "Heat",
          "slug": "heat",
          "gradient": "linear-gradient(135deg, #F32758, #FFC581)"
        }
      ],
      "palette": [
        {
          "name": "Primary",
          "slug": "primary",
          "color": "#2183ED"
        },
        {
          "name": "Main",
          "slug": "main",
          "color": "#14111f"
        },
        {
          "name": "Secondary",
          "slug": "secondary",
          "color": "#636381"
        },
        {
          "name": "Main Accent",
          "slug": "main-accent",
          "color": "#d0ccde"
        },
        {
          "name": "Primary Accent",
          "slug": "primary-accent",
          "color": "#e4e1fe"
        },
        {
          "name": "Tertiary",
          "slug": "tertiary",
          "color": "#f6f6fc"
        },
        {
          "name": "Border Light",
          "slug": "border-light",
          "color": "#dde1e5"
        },
        {
          "name": "Border Dark",
          "slug": "border-dark",
          "color": "#444B57"
        },
        {
          "name": "Base",
          "slug": "base",
          "color": "#fff"
        }
      ],
      "link": true
    },
    "custom": {
      "fontWeight": {
        "thin": 100,
        "extra-light": 200,
        "light": 300,
        "regular": 425,
        "medium": 500,
        "semi-bold": 600,
        "bold": 700,
        "extra-bold": 800,
        "black": 900
      },
      "lineHeight": {
        "none": 1,
        "tight": 1.1,
        "snug": 1.2,
        "body": 1.5,
        "relaxed": 1.625,
        "loose": 2
      }
    },
    "layout": {
      "contentSize": "740px",
      "wideSize": "1440px"
    },
    "shadow": {
      "defaultPresets": false,
      "presets": [
        {
          "name": "Extra Large Dark",
          "slug": "extra-large-dark",
          "shadow": "0px 536px 150px 0px rgba(20, 17, 31, 0.00), 0px 343px 137px 0px rgba(20, 17, 31, 0.01), 0px 193px 116px 0px rgba(20, 17, 31, 0.05), 0px 86px 86px 0px rgba(20, 17, 31, 0.09), 0px 21px 47px 0px rgba(20, 17, 31, 0.10)"
        },
        {
          "name": "Large Dark",
          "slug": "large-dark",
          "shadow": "0px 219px 61px 0px rgba(20, 17, 31, 0.00), 0px 140px 56px 0px rgba(20, 17, 31, 0.01), 0px 79px 47px 0px rgba(20, 17, 31, 0.05), 0px 35px 35px 0px rgba(20, 17, 31, 0.09), 0px 9px 19px 0px rgba(20, 17, 31, 0.10)"
        },
        {
          "name": "Medium Dark",
          "slug": "medium-dark",
          "shadow": "0px 66px 18px 0px rgba(20, 17, 31, 0.00), 0px 42px 17px 0px rgba(20, 17, 31, 0.01), 0px 24px 14px 0px rgba(20, 17, 31, 0.05), 0px 10px 10px 0px rgba(20, 17, 31, 0.09), 0px 3px 6px 0px rgba(20, 17, 31, 0.10)"
        },
        {
          "name": "Small Dark",
          "slug": "small-dark",
          "shadow": "0px 16px 4px 0px rgba(20, 17, 31, 0.00), 0px 10px 4px 0px rgba(20, 17, 31, 0.01), 0px 6px 3px 0px rgba(20, 17, 31, 0.05), 0px 3px 3px 0px rgba(20, 17, 31, 0.09), 0px 1px 1px 0px rgba(20, 17, 31, 0.10)"
        },
        {
          "name": "Extra Large Light",
          "slug": "extra-large-light",
          "shadow": "0px 536px 150px 0px rgba(20, 17, 31, 0.00), 0px 343px 137px 0px rgba(20, 17, 31, 0.01), 0px 193px 116px 0px rgba(20, 17, 31, 0.03), 0px 86px 86px 0px rgba(20, 17, 31, 0.04), 0px 21px 47px 0px rgba(20, 17, 31, 0.05)"
        },
        {
          "name": "Large Light",
          "slug": "large-light",
          "shadow": "0px 219px 61px 0px rgba(20, 17, 31, 0.00), 0px 140px 56px 0px rgba(20, 17, 31, 0.01), 0px 79px 47px 0px rgba(20, 17, 31, 0.03), 0px 35px 35px 0px rgba(20, 17, 31, 0.04), 0px 9px 19px 0px rgba(20, 17, 31, 0.05)"
        },
        {
          "name": "Medium Light",
          "slug": "medium-light",
          "shadow": "0px 69px 19px 0px rgba(20, 17, 31, 0.00), 0px 44px 18px 0px rgba(20, 17, 31, 0.01), 0px 25px 15px 0px rgba(20, 17, 31, 0.03), 0px 11px 11px 0px rgba(20, 17, 31, 0.04), 0px 3px 6px 0px rgba(20, 17, 31, 0.05)"
        },
        {
          "name": "Small Light",
          "slug": "small-light",
          "shadow": "0px 16px 5px 0px rgba(20, 17, 31, 0.00), 0px 10px 4px 0px rgba(20, 17, 31, 0.00), 0px 6px 4px 0px rgba(20, 17, 31, 0.02), 0px 3px 3px 0px rgba(20, 17, 31, 0.03), 0px 1px 1px 0px rgba(20, 17, 31, 0.03)"
        }
      ]
    },
    "spacing": {
      "spacingSizes": [
        {
          "name": "Small",
          "size": "clamp(.5rem, 2.5vw, 1rem)",
          "slug": "small"
        },
        {
          "name": "Medium",
          "size": "clamp(1.5rem, 4vw, 2rem)",
          "slug": "medium"
        },
        {
          "name": "Large",
          "size": "clamp(2rem, 5vw, 3rem)",
          "slug": "large"
        },
        {
          "name": "Extra Large",
          "size": "clamp(3rem, 7vw, 5rem)",
          "slug": "x-large"
        },
        {
          "name": "2xl",
          "size": "clamp(4rem, 9vw, 7rem)",
          "slug": "xx-large"
        },
        {
          "name": "3xl",
          "size": "clamp(5rem, 12vw, 9rem)",
          "slug": "xxx-large"
        },
        {
          "name": "4xl",
          "size": "clamp(6rem, 14vw, 13rem)",
          "slug": "xxxx-large"
        }
      ],
      "units": ["px", "em", "rem", "vh", "vw", "%"],
      "blockGap": true,
      "padding": true,
      "margin": true
    },
    "typography": {
      "dropCap": false,
      "fluid": true,
      "fontFamilies": [
        {
          "fontFamily": "Mona Sans, sans-serif",
          "name": "Mona Sans",
          "slug": "primary",
          "fontFace": [
            {
              "fontDisplay": "block",
              "fontFamily": "Mona Sans",
              "fontStretch": "75% 125%",
              "fontStyle": "normal",
              "fontWeight": "300 900",
              "src": ["file:./assets/fonts/Mona-Sans.woff2"]
            }
          ]
        },
        {
          "fontFamily": "Mona Sans Expanded, sans-serif",
          "name": "Mona Sans Expanded",
          "slug": "expanded",
          "fontFace": [
            {
              "fontDisplay": "block",
              "fontFamily": "Mona Sans Expanded",
              "fontStretch": "125%",
              "fontStyle": "normal",
              "fontWeight": "300 900",
              "src": ["file:./assets/fonts/Mona-Sans.woff2"]
            }
          ]
        },
        {
          "fontFamily": "Mona Sans Condensed, sans-serif",
          "name": "Mona Sans Condensed",
          "slug": "condensed",
          "fontFace": [
            {
              "fontDisplay": "block",
              "fontFamily": "Mona Sans Condensed",
              "fontStretch": "94%",
              "fontStyle": "normal",
              "fontWeight": "300 900",
              "src": ["file:./assets/fonts/Mona-Sans.woff2"]
            }
          ]
        },
        {
          "fontFamily": "monospace",
          "name": "Monospace",
          "slug": "monospace"
        }
      ],
      "fontSizes": [
        {
          "fluid": {
            "min": ".825rem",
            "max": ".95rem"
          },
          "size": ".95rem",
          "slug": "x-small",
          "name": "Extra Small"
        },
        {
          "fluid": {
            "min": ".9rem",
            "max": "1.05rem"
          },
          "size": "1.05rem",
          "slug": "small",
          "name": "Small"
        },
        {
          "fluid": {
            "min": "1rem",
            "max": "1.165rem"
          },
          "size": "1.165rem",
          "slug": "base",
          "name": "Base"
        },
        {
          "fluid": {
            "min": "1.365rem",
            "max": "1.65rem"
          },
          "size": "1.65rem",
          "slug": "medium",
          "name": "Medium"
        },
        {
          "fluid": {
            "min": "1.75rem",
            "max": "2.75rem"
          },
          "size": "2.75rem",
          "slug": "large",
          "name": "Large"
        },
        {
          "fluid": {
            "min": "2.425rem",
            "max": "3.5rem"
          },
          "size": "3.5rem",
          "slug": "x-large",
          "name": "Extra Large"
        },
        {
          "fluid": {
            "min": "3.25rem",
            "max": "4.3875rem"
          },
          "size": "4.3875rem",
          "slug": "xx-large",
          "name": "Extra Extra Large"
        }
      ],
      "lineHeight": true
    },
    "useRootPaddingAwareAlignments": true
  },
  "styles": {
    "blocks": {
      "core/code": {
        "border": {
          "radius": "5px",
          "width": "0px"
        },
        "color": {
          "background": "var(--wp--preset--color--tertiary)",
          "text": "var(--wp--preset--color--main)"
        },
        "spacing": {
          "padding": {
            "top": "var(--wp--preset--spacing--medium)",
            "right": "var(--wp--preset--spacing--medium)",
            "bottom": "var(--wp--preset--spacing--medium)",
            "left": "var(--wp--preset--spacing--medium)"
          }
        },
        "typography": {
          "fontFamily": "var(--wp--preset--font-family--monospace)",
          "fontSize": "var(--wp--preset--font-size--small)"
        }
      },
      "core/comment-author-name": {
        "typography": {
          "lineHeight": "var(--wp--custom--line-height--body)",
          "fontWeight": "600"
        },
        "elements": {
          "link": {
            "typography": {
              "textDecoration": "none",
              "fontSize": "var(--wp--preset--font-size--base)"
            }
          }
        }
      },
      "core/comment-content": {
        "spacing": {
          "margin": {
            "top": "20px !important"
          }
        }
      },
      "core/comment-date": {
        "typography": {
          "fontSize": "var(--wp--preset--font-size--small)",
          "lineHeight": "var(--wp--custom--line-height--body)"
        },
        "elements": {
          "link": {
            "typography": {
              "textDecoration": "none"
            }
          }
        }
      },
      "core/comment-edit-link": {
        "typography": {
          "fontSize": "var(--wp--preset--font-size--small)",
          "lineHeight": "var(--wp--custom--line-height--body)"
        }
      },
      "core/comment-reply-link": {
        "typography": {
          "fontSize": "var(--wp--preset--font-size--small)"
        }
      },
      "core/comments-title": {
        "spacing": {
          "margin": {
            "top": "0px",
            "bottom": "var(--wp--preset--spacing--large)"
          }
        }
      },
      "core/details": {
        "css": ".wp-block-details summary { font-weight: 600 }"
      },
      "core/post-comments-form": {
        "elements": {
          "heading": {
            "typography": {
              "fontSize": "var(--wp--preset--font-size--medium)"
            }
          }
        }
      },
      "core/post-excerpt": {
        "elements": {
          "link": {
            "typography": {
              "textDecoration": "none"
            },
            "color": {
              "text": "var(--wp--preset--color--primary-accent)"
            },
            ":hover": {
              "typography": {
                "textDecoration": "underline"
              }
            }
          }
        }
      },
      "core/read-more": {
        "elements": {
          "link": {
            "spacing": {
              "margin": {
                "top": "200px",
                "bottom": "200px"
              }
            }
          }
        }
      },
      "core/navigation": {
        "typography": {
          "fontWeight": "500"
        },
        "elements": {
          "link": {
            ":hover": {
              "typography": {
                "textDecoration": "underline"
              }
            }
          }
        }
      },
      "core/paragraph": {
        "css": "&.has-background { padding: var(--wp--preset--spacing--small) }"
      },
      "core/post-template": {
        "elements": {
          "h2": {
            "typography": {
              "fontSize": "var(--wp--preset--font-size--medium)"
            }
          }
        }
      },
      "core/post-terms": {
        "elements": {
          "link": {
            "typography": {
              "textDecoration": "none"
            }
          }
        }
      },
      "core/post-title": {
        "elements": {
          "link": {
            "typography": {
              "textDecoration": "none"
            },
            ":hover": {
              "typography": {
                "textDecoration": "underline"
              }
            }
          }
        }
      },
      "core/preformatted": {
        "border": {
          "radius": "5px"
        },
        "color": {
          "background": "var(--wp--preset--color--tertiary)",
          "text": "var(--wp--preset--color--main)"
        },
        "spacing": {
          "padding": {
            "top": "var(--wp--preset--spacing--medium)",
            "right": "var(--wp--preset--spacing--medium)",
            "bottom": "var(--wp--preset--spacing--medium)",
            "left": "var(--wp--preset--spacing--medium)"
          }
        },
        "typography": {
          "fontFamily": "var(--wp--preset--font-family--monospace)",
          "fontSize": "var(--wp--preset--font-size--small)"
        }
      },
      "core/pullquote": {
        "elements": {
          "cite": {
            "typography": {
              "fontSize": "var(--wp--preset--font-size--small)"
            },
            "color": {
              "text": "var(--wp--preset--color--secondary)"
            }
          }
        },
        "border": {
          "color": "var(--wp--preset--color--primary)",
          "top": {
            "style": "solid",
            "width": "5px"
          }
        },
        "spacing": {
          "padding": {
            "top": "0",
            "right": "0",
            "bottom": "0",
            "left": "0"
          }
        },
        "typography": {
          "lineHeight": "var(--wp--custom--line-height--body)",
          "fontSize": "var(--wp--preset--font-size--medium)",
          "fontWeight": "500"
        }
      },
      "core/query-pagination": {
        "elements": {
          "link": {
            "border": {
              "radius": "5px",
              "width": "0"
            },
            "color": {
              "background": "var(--wp--preset--color--base)"
            },
            "spacing": {
              "padding": {
                "top": ".5em",
                "right": "1em",
                "bottom": ".5em",
                "left": "1em"
              }
            },
            "typography": {
              "fontSize": "var(--wp--preset--font-size--small)",
              "fontWeight": "500",
              "textDecoration": "none"
            },
            ":hover": {
              "typography": {
                "textDecoration": "underline"
              }
            }
          }
        }
      },
      "core/quote": {
        "elements": {
          "cite": {
            "typography": {
              "fontSize": "var(--wp--preset--font-size--small)"
            },
            "color": {
              "text": "var(--wp--preset--color--secondary)"
            }
          }
        },
        "css": "& :where(cite) { display: block }",
        "border": {
          "radius": "0",
          "style": "solid",
          "width": "0 0 0 5px !important",
          "color": "var(--wp--preset--color--primary)"
        },
        "spacing": {
          "padding": {
            "left": "var(--wp--preset--spacing--large)",
            "right": "var(--wp--preset--spacing--large)"
          }
        },
        "typography": {
          "lineHeight": "var(--wp--custom--line-height--body)",
          "fontSize": "var(--wp--preset--font-size--medium)",
          "fontWeight": "500"
        }
      },
      "core/search": {
        "css": ".wp-block-search__button-inside .wp-block-search__inside-wrapper { border: none }"
      },
      "core/separator": {
        "color": {
          "text": "var(--wp--preset--color--main)"
        }
      },
      "core/site-tagline": {
        "spacing": {
          "margin": {
            "bottom": "20px"
          }
        },
        "typography": {
          "fontSize": "var(--wp--preset--font-size--small)"
        }
      },
      "core/site-title": {
        "typography": {
          "fontSize": "var(--wp--preset--font-size--base)",
          "fontWeight": "600",
          "lineHeight": "var(--wp--custom--line-height--none)",
          "letterSpacing": "0"
        },
        "elements": {
          "link": {
            "typography": {
              "textDecoration": "none"
            }
          }
        }
      },
      "core/table": {
        "typography": {
          "fontSize": "var(--wp--preset--font-size--small)"
        }
      },
      "core/template-part": {
        "spacing": {
          "margin": {
            "top": "0px !important"
          }
        }
      }
    },
    "color": {
      "background": "var(--wp--preset--color--base)",
      "text": "var(--wp--preset--color--main)"
    },
    "elements": {
      "button": {
        "border": {
          "radius": "5px",
          "width": "0"
        },
        "color": {
          "background": "var(--wp--preset--color--primary)",
          "text": "var(--wp--preset--color--base)"
        },
        "spacing": {
          "padding": {
            "top": ".5em",
            "right": "1em",
            "bottom": ".5em",
            "left": "1em"
          }
        },
        "typography": {
          "fontSize": "var(--wp--preset--font-size--small)",
          "fontWeight": "500"
        },
        ":hover": {
          "color": {
            "background": "var(--wp--preset--color--primary)",
            "text": "var(--wp--preset--color--base)"
          }
        }
      },
      "h1": {
        "typography": {
          "fontSize": "var(--wp--preset--font-size--x-large)",
          "lineHeight": "var(--wp--custom--line-height--snug)"
        }
      },
      "h2": {
        "typography": {
          "fontSize": "var(--wp--preset--font-size--large)",
          "lineHeight": "var(--wp--custom--line-height--snug)"
        }
      },
      "h3": {
        "typography": {
          "fontSize": "var(--wp--preset--font-size--medium)"
        }
      },
      "h4": {
        "typography": {
          "fontSize": "var(--wp--preset--font-size--base)"
        }
      },
      "h5": {
        "typography": {
          "fontSize": "var(--wp--preset--font-size--small)"
        }
      },
      "h6": {
        "typography": {
          "fontSize": "var(--wp--preset--font-size--x-small)"
        }
      },
      "heading": {
        "typography": {
          "fontFamily": "var(--wp--preset--font-family--primary)",
          "fontWeight": "600",
          "lineHeight": "var(--wp--custom--line-height--body)"
        }
      },
      "link": {
        "color": {
          "text": "var(--wp--preset--color--main)"
        }
      }
    },
    "spacing": {
      "blockGap": "var(--wp--preset--spacing--medium)",
      "padding": {
        "top": "0",
        "right": "var(--wp--preset--spacing--medium)",
        "bottom": "0",
        "left": "var(--wp--preset--spacing--medium)"
      }
    },
    "typography": {
      "fontFamily": "var(--wp--preset--font-family--primary)",
      "fontSize": "var(--wp--preset--font-size--base)",
      "fontWeight": "430",
      "lineHeight": "var(--wp--custom--line-height--body)"
    }
  },
  "customTemplates": [
    {
      "name": "page-no-title",
      "title": "Page (Full Width, No Title)",
      "postTypes": ["page", "ollie_pattern", "post"]
    },
    {
      "name": "page-with-sidebar",
      "title": "Page (With Sidebar)",
      "postTypes": ["post", "page"]
    }
  ],
  "templateParts": [
    {
      "name": "header",
      "title": "Header",
      "area": "header"
    },
    {
      "name": "footer",
      "title": "Footer",
      "area": "footer"
    },
    {
      "name": "sidebar",
      "title": "Sidebar",
      "area": "sidebar"
    }
  ]
}
